Order_ID,Date,Brand,Product,City,Customer_Type,AB_Group,Advertising_Type,Price,Quantity,Discount_Percent,Revenue,Marketing_Spend,Rating,Demand,Converted,Sales_Units
ORD10001,2025-01-01 00:00:00.000,Apple,Laptop,Delhi,Returning,A,Online Ads,76862.12,2,30,111455.95,28326.0,4.8,6,1,2
ORD10002,2025-01-03 00:48:16.089,Sony,TV,Chennai,Returning,A,Online Ads,60128.0,2,25,90933.39,9739.0,3.8,5,1,2
ORD10003,2025-01-05 01:36:32.179,Samsung,Smartphone,Bangalore,Returning,A,Online Ads,52260.69,3,5,163144.57,27462.0,3.1,5,0,3
ORD10004,2025-01-07 02:24:48.268,Dell,Tablet,Chennai,New,B,Email,22763.75,3,5,64056.72,47117.0,4.6,9,0,3
ORD10005,2025-01-09 03:13:04.358,Dell,Tablet,Chennai,New,B,Email,30684.42,1,20,25892.66,13479.0,3.9,3,1,1
ORD10006,2025-01-11 04:01:20.447,HP,Headphones,Bangalore,Returning,B,Email,8394.15,1,25,5902.21,17461.0,3.4,2,1,1
ORD10007,2025-01-13 04:49:36.536,HP,Tablet,Mumbai,Returning,B,Online Ads,27624.97,1,30,17866.94,43942.0,4.6,2,1,1
ORD10008,2025-01-15 05:37:52.626,Samsung,Tablet,Bangalore,Returning,B,Email,36936.88,6,10,181360.96,53980.0,4.1,12,0,6
ORD10009,2025-01-17 06:26:08.715,Apple,TV,Chennai,Returning,B,Online Ads,61848.24,3,30,131044.79,29502.0,3.6,5,0,4
ORD10010,2025-01-19 07:14:24.804,Apple,Headphones,Hyderabad,Returning,A,Email,9605.18,3,10,23580.83,5065.0,3.8,7,0,3
ORD10011,2025-01-21 08:02:40.894,Samsung,Smartphone,Bangalore,New,A,Email,63522.73,5,30,236498.61,57554.0,4.2,14,0,7
ORD10012,2025-01-23 08:50:56.983,OnePlus,Laptop,Pune,Returning,B,Social Media,83266.18,5,30,309277.79,31855.0,4.0,14,0,7
ORD10013,2025-01-25 09:39:13.073,Dell,Smartphone,Delhi,Returning,B,Email,50709.62,6,10,266269.28,16724.0,4.6,15,1,8
ORD10014,2025-01-27 10:27:29.162,OnePlus,Tablet,Mumbai,New,B,Email,27686.25,1,30,20491.71,44428.0,3.2,2,0,1
ORD10015,2025-01-29 11:15:45.251,HP,Laptop,Pune,Returning,B,Email,60972.71,3,5,167032.04,9748.0,4.0,7,0,4
ORD10016,2025-01-31 12:04:01.341,OnePlus,Smartphone,Pune,New,B,Online Ads,60446.96,4,10,235281.58,58954.0,4.5,14,0,5
ORD10017,2025-02-02 12:52:17.430,HP,Laptop,Bangalore,Returning,B,Social Media,62221.84,1,30,45705.73,43872.0,3.4,3,1,1
ORD10018,2025-02-04 13:40:33.520,HP,Tablet,Mumbai,Returning,A,Social Media,28105.08,2,25,40547.46,7790.0,3.4,5,1,3
ORD10019,2025-02-06 14:28:49.609,Sony,Headphones,Mumbai,Returning,A,Online Ads,9448.45,2,15,15202.74,14804.0,3.1,5,0,2
ORD10020,2025-02-08 15:17:05.698,Sony,Smartphone,Delhi,Returning,B,Email,68055.32,3,5,187984.47,5055.0,4.1,9,1,4
ORD10021,2025-02-10 16:05:21.788,OnePlus,Tablet,Mumbai,Returning,B,Social Media,32453.95,6,5,191350.93,46835.0,,13,0,5
ORD10022,2025-02-12 16:53:37.877,Samsung,Laptop,Delhi,Returning,B,Email,83436.51,6,20,451313.72,20119.0,3.8,19,0,7
ORD10023,2025-02-14 17:41:53.966,Sony,TV,Hyderabad,Returning,A,Email,60356.36,2,5,112285.32,5218.0,3.3,3,0,2
ORD10024,2025-02-16 18:30:10.056,HP,Laptop,Mumbai,New,B,Online Ads,87194.29,3,15,216545.4,44932.0,3.9,9,0,3
ORD10025,2025-02-18 19:18:26.145,OnePlus,Tablet,Pune,New,B,Social Media,22537.01,3,5,64382.34,35461.0,4.7,8,0,4
ORD10026,2025-02-20 20:06:42.235,Samsung,Tablet,Delhi,New,B,Email,30435.78,2,15,55377.0,7990.0,4.4,4,0,3
ORD10027,2025-02-22 20:54:58.324,Samsung,Laptop,Hyderabad,New,B,Online Ads,58745.24,3,15,140314.67,41055.0,3.1,10,0,3
ORD10028,2025-02-24 21:43:14.413,Samsung,Laptop,Chennai,Returning,B,Online Ads,68068.65,4,10,276775.01,54975.0,3.2,12,1,5
ORD10029,2025-02-26 22:31:30.503,Samsung,Smartphone,Mumbai,Returning,B,Email,47573.01,1,20,36767.27,5048.0,4.6,3,0,1
ORD10030,2025-02-28 23:19:46.592,Samsung,Smartphone,Hyderabad,Returning,B,Email,51697.59,4,10,184755.93,51556.0,3.7,10,0,4
ORD10031,2025-03-03 00:08:02.682,Dell,Headphones,Hyderabad,New,B,Online Ads,8887.66,5,25,39060.3,48654.0,4.6,10,0,6
ORD10032,2025-03-05 00:56:18.771,Sony,Tablet,Hyderabad,Returning,B,Social Media,34872.58,6,20,164736.16,52603.0,4.3,14,0,8
ORD10033,2025-03-07 01:44:34.860,Dell,Laptop,Chennai,Returning,A,Email,69110.84,4,20,222295.37,56106.0,3.5,7,0,4
ORD10034,2025-03-09 02:32:50.950,HP,Laptop,Bangalore,Returning,A,Social Media,63234.95,3,20,167975.52,48106.0,3.3,6,0,4
ORD10035,2025-03-11 03:21:07.039,Dell,Smartphone,Delhi,New,B,Social Media,60890.3,1,10,58204.56,59621.0,3.1,3,1,1
ORD10036,2025-03-13 04:09:23.128,HP,Laptop,Chennai,Returning,B,Social Media,57982.64,5,10,266774.33,28949.0,4.2,8,0,6
ORD10037,2025-03-15 04:57:39.218,Samsung,Headphones,Hyderabad,Returning,A,Social Media,6122.39,4,25,20007.2,17423.0,3.2,13,0,6
ORD10038,2025-03-17 05:45:55.307,Apple,TV,Hyderabad,New,A,Social Media,46297.78,6,10,245980.02,11543.0,3.6,17,1,6
ORD10039,2025-03-19 06:34:11.397,HP,Headphones,Pune,New,B,Online Ads,7834.24,1,25,5988.87,22704.0,4.6,3,1,1
ORD10040,2025-03-21 07:22:27.486,Dell,Smartphone,Chennai,New,A,Online Ads,55182.0,1,30,42755.42,48075.0,4.3,3,0,1
ORD10041,2025-03-23 08:10:43.575,Sony,Headphones,Hyderabad,Returning,A,Online Ads,9347.59,2,25,16388.45,38187.0,4.6,4,0,3
ORD10042,2025-03-25 08:58:59.665,OnePlus,Laptop,Delhi,Returning,B,Email,53512.93,6,5,331047.25,56969.0,3.4,15,1,6
ORD10043,2025-03-27 09:47:15.754,Samsung,Smartphone,Pune,New,A,Online Ads,42831.06,6,25,225734.2,58006.0,3.3,14,1,8
ORD10044,2025-03-29 10:35:31.844,Sony,TV,Hyderabad,New,A,Online Ads,48487.34,5,20,194343.53,52830.0,4.0,16,0,5
ORD10045,2025-03-31 11:23:47.933,Samsung,Smartphone,Delhi,New,A,Email,65468.18,6,30,277182.39,16248.0,4.7,17,1,6
ORD10046,2025-04-02 12:12:04.022,HP,Headphones,Delhi,New,A,Online Ads,8292.0,1,5,8903.52,42106.0,4.2,3,0,1
ORD10047,2025-04-04 13:00:20.112,Apple,Headphones,Chennai,New,A,Online Ads,6635.73,3,5,19262.88,39838.0,4.8,8,0,3
ORD10048,2025-04-06 13:48:36.201,HP,Tablet,Bangalore,Returning,B,Email,32845.24,1,5,35880.92,43282.0,3.2,2,0,1
ORD10049,2025-04-08 14:36:52.291,HP,Headphones,Hyderabad,Returning,B,Social Media,8322.47,5,15,39693.77,25109.0,4.9,12,0,5
ORD10050,2025-04-10 15:25:08.380,Samsung,Smartphone,Mumbai,Returning,B,Social Media,62426.13,3,10,173047.03,52139.0,4.8,9,0,3
ORD10051,2025-04-12 16:13:24.469,Dell,TV,Bangalore,New,A,Email,50943.9,1,5,55478.66,14175.0,3.4,3,0,1
ORD10052,2025-04-14 17:01:40.559,OnePlus,Tablet,Chennai,New,A,Online Ads,31082.06,5,30,113123.49,36962.0,4.3,12,0,8
ORD10053,2025-04-16 17:49:56.648,Sony,Tablet,Hyderabad,Returning,B,Online Ads,32261.87,2,5,70088.14,33578.0,4.6,5,1,2
ORD10054,2025-04-18 18:38:12.737,OnePlus,Smartphone,Bangalore,Returning,B,Email,45728.52,6,20,245138.28,39305.0,4.0,18,0,8
ORD10055,2025-04-20 19:26:28.827,Apple,Tablet,Chennai,New,B,Social Media,22672.29,5,20,91994.77,56081.0,3.9,8,1,7
ORD10056,2025-04-22 20:14:44.916,Apple,Laptop,Bangalore,Returning,B,Online Ads,74889.53,4,20,245538.76,55707.0,3.7,8,0,5
ORD10057,2025-04-24 21:03:01.006,Apple,TV,Pune,Returning,B,Email,44337.88,4,15,147110.6,32997.0,3.6,12,0,4
ORD10058,2025-04-26 21:51:17.095,OnePlus,Smartphone,Mumbai,Returning,A,Online Ads,53198.76,5,5,266875.44,46704.0,3.9,17,1,6
ORD10059,2025-04-28 22:39:33.184,Apple,Headphones,Pune,Returning,B,Online Ads,6833.64,1,25,5991.46,17731.0,,3,0,1
ORD10060,2025-04-30 23:27:49.274,Dell,Laptop,Delhi,Returning,B,Email,74051.56,1,20,58034.88,9374.0,3.4,3,0,1
ORD10061,2025-05-03 00:16:05.363,Apple,Tablet,Chennai,Returning,B,Social Media,27934.89,6,20,133891.33,43900.0,4.6,10,0,8
ORD10062,2025-05-05 01:04:21.453,Sony,Smartphone,Pune,Returning,A,Online Ads,42212.28,1,5,44347.91,42427.0,4.2,2,0,1
ORD10063,2025-05-07 01:52:37.542,Sony,Headphones,Mumbai,New,A,Email,9972.85,1,25,7271.97,57952.0,3.8,2,1,1
ORD10064,2025-05-09 02:40:53.631,Sony,Headphones,Pune,New,B,Online Ads,8458.84,3,20,21136.79,49118.0,5.0,8,0,4
ORD10065,2025-05-11 03:29:09.721,Dell,Smartphone,Mumbai,New,B,Online Ads,59818.65,6,25,287995.88,36832.0,4.8,16,0,9
ORD10066,2025-05-13 04:17:25.810,OnePlus,Tablet,Pune,Returning,B,Social Media,28744.57,4,5,124833.15,6068.0,4.2,8,0,4
ORD10067,2025-05-15 05:05:41.899,Apple,Tablet,Pune,Returning,B,Social Media,23499.38,1,25,19535.38,31278.0,3.9,2,0,1
ORD10068,2025-05-17 05:53:57.989,OnePlus,Headphones,Bangalore,Returning,B,Email,9750.64,1,25,7911.24,12434.0,3.0,2,0,1
ORD10069,2025-05-19 06:42:14.078,HP,Headphones,Mumbai,New,B,Social Media,9776.85,2,5,18379.34,6940.0,3.1,6,0,3
ORD10070,2025-05-21 07:30:30.168,HP,TV,Bangalore,Returning,A,Email,45460.72,2,20,75071.91,45758.0,4.5,4,0,2
ORD10071,2025-05-23 08:18:46.257,Apple,Laptop,Pune,Returning,B,Social Media,71653.53,6,20,386892.61,13013.0,4.7,17,0,7
ORD10072,2025-05-25 09:07:02.346,Samsung,Tablet,Chennai,Returning,A,Email,25210.81,6,20,123081.02,47826.0,3.6,11,0,6
ORD10073,2025-05-27 09:55:18.436,HP,Laptop,Bangalore,New,A,Online Ads,54171.34,1,20,47295.12,33207.0,3.0,3,0,1
ORD10074,2025-05-29 10:43:34.525,OnePlus,Smartphone,Chennai,New,B,Social Media,43408.18,6,10,241363.27,8717.0,3.6,16,1,7
ORD10075,2025-05-31 11:31:50.615,Sony,Headphones,Bangalore,Returning,B,Email,8821.25,5,20,40427.45,37180.0,4.8,9,0,7
ORD10076,2025-06-02 12:20:06.704,Apple,Laptop,Delhi,Returning,B,Online Ads,82278.19,3,20,204330.8,53456.0,3.7,5,0,3
ORD10077,2025-06-04 13:08:22.793,HP,Headphones,Bangalore,Returning,A,Social Media,7809.24,3,25,17578.82,37728.0,5.0,5,1,4
ORD10078,2025-06-06 13:56:38.883,HP,Laptop,Pune,Returning,B,Online Ads,78705.21,1,15,63593.4,25124.0,3.9,2,0,1
ORD10079,2025-06-08 14:44:54.972,Sony,TV,Chennai,Returning,A,Online Ads,50416.08,4,10,206047.09,12317.0,3.5,14,0,4
ORD10080,2025-06-10 15:33:11.061,Sony,Laptop,Hyderabad,Returning,A,Social Media,80056.48,2,15,144785.24,42784.0,3.5,6,0,3
ORD10081,2025-06-12 16:21:27.151,Samsung,Headphones,Chennai,Returning,B,Online Ads,9581.04,4,15,32583.39,33727.0,4.9,10,0,5
ORD10082,2025-06-14 17:09:43.240,HP,Headphones,Mumbai,New,A,Email,6800.73,6,25,31875.02,37927.0,4.8,12,0,7
ORD10083,2025-06-16 17:57:59.330,HP,Smartphone,Delhi,New,B,Social Media,44340.12,4,15,150357.91,26657.0,3.1,10,1,4
ORD10084,2025-06-18 18:46:15.419,Sony,Headphones,Mumbai,New,A,Online Ads,9488.82,5,5,50564.1,9459.0,4.4,12,0,6
ORD10085,2025-06-20 19:34:31.508,Dell,Laptop,Mumbai,New,A,Online Ads,67167.22,5,30,251452.24,17526.0,3.5,11,0,7
ORD10086,2025-06-22 20:22:47.598,Apple,Tablet,Hyderabad,New,A,Online Ads,26821.59,6,20,140179.87,30503.0,4.6,17,0,7
ORD10087,2025-06-24 21:11:03.687,OnePlus,Tablet,Delhi,New,A,Social Media,29050.16,4,20,103174.45,7978.0,3.3,13,0,5
ORD10088,2025-06-26 21:59:19.777,HP,Tablet,Pune,New,A,Online Ads,37093.6,5,30,148475.39,15056.0,3.1,15,0,6
ORD10089,2025-06-28 22:47:35.866,Sony,TV,Chennai,New,B,Social Media,62178.76,5,15,272543.27,39741.0,3.5,13,0,6
ORD10090,2025-06-30 23:35:51.955,Samsung,Smartphone,Chennai,New,B,Social Media,47989.95,3,15,122155.78,25541.0,3.4,9,0,3
ORD10091,2025-07-03 00:24:08.045,Dell,Tablet,Mumbai,Returning,A,Online Ads,28930.55,4,10,96182.1,5814.0,3.9,7,0,5
ORD10092,2025-07-05 01:12:24.134,Sony,Smartphone,Pune,New,A,Social Media,52270.04,6,15,278145.03,31946.0,3.1,15,0,7
ORD10093,2025-07-07 02:00:40.223,Samsung,Tablet,Bangalore,Returning,B,Email,32437.31,4,25,100419.92,34517.0,3.8,6,1,4
ORD10094,2025-07-09 02:48:56.313,OnePlus,Smartphone,Mumbai,Returning,B,Social Media,65262.16,1,25,48886.17,14620.0,4.0,2,0,1
ORD10095,2025-07-11 03:37:12.402,Sony,Smartphone,Bangalore,Returning,B,Social Media,46919.85,6,30,197236.02,13443.0,3.1,18,1,6
ORD10096,2025-07-13 04:25:28.492,HP,Laptop,Hyderabad,Returning,A,Online Ads,83953.95,4,20,292712.18,14869.0,4.2,13,0,6
ORD10097,2025-07-15 05:13:44.581,OnePlus,Headphones,Chennai,Returning,A,Social Media,9725.33,4,30,27014.77,52273.0,3.0,10,1,5
ORD10098,2025-07-17 06:02:00.670,Apple,Laptop,Mumbai,New,A,Email,71763.31,5,30,236846.87,54691.0,4.6,8,1,7
ORD10099,2025-07-19 06:50:16.760,Sony,Laptop,Chennai,New,B,Email,63834.39,3,25,154847.04,29786.0,3.9,10,0,4
ORD10100,2025-07-21 07:38:32.849,Sony,Tablet,Mumbai,Returning,B,Email,36370.25,2,30,47324.9,12526.0,3.1,3,0,3
ORD10101,2025-07-23 08:26:48.939,Samsung,TV,Hyderabad,Returning,B,Online Ads,52163.39,2,20,84795.74,26371.0,4.2,7,0,2
ORD10102,2025-07-25 09:15:05.028,HP,Laptop,Chennai,New,A,Online Ads,84475.31,5,20,359605.22,18405.0,4.0,17,1,6
ORD10103,2025-07-27 10:03:21.117,Sony,Tablet,Delhi,New,A,Social Media,29784.98,5,30,98155.92,27784.0,4.4,9,0,7
ORD10104,2025-07-29 10:51:37.207,Samsung,TV,Bangalore,New,A,Email,43837.83,1,25,29782.1,,3.6,3,0,1
ORD10105,2025-07-31 11:39:53.296,Apple,Tablet,Chennai,Returning,A,Social Media,22891.88,3,5,66227.85,37475.0,3.5,8,0,3
ORD10106,2025-08-02 12:28:09.385,OnePlus,Headphones,Hyderabad,Returning,A,Social Media,7636.79,2,10,13433.14,37680.0,4.8,6,0,2
ORD10107,2025-08-04 13:16:25.475,Samsung,Headphones,Mumbai,Returning,A,Email,7660.14,6,20,32385.07,55215.0,4.4,16,0,8
ORD10108,2025-08-06 14:04:41.564,HP,TV,Pune,Returning,A,Social Media,55114.99,3,20,134252.28,17486.0,,10,0,4
ORD10109,2025-08-08 14:52:57.654,Apple,Laptop,Delhi,Returning,B,Social Media,59495.71,2,20,93722.87,28051.0,4.4,6,0,2
ORD10110,2025-08-10 15:41:13.743,Dell,Smartphone,Bangalore,New,B,Email,61286.01,5,25,201205.27,51583.0,4.4,14,1,6
ORD10111,2025-08-12 16:29:29.832,OnePlus,Smartphone,Pune,New,A,Social Media,52842.45,2,20,76406.07,32487.0,3.1,6,0,3
ORD10112,2025-08-14 17:17:45.922,OnePlus,Smartphone,Hyderabad,Returning,A,Social Media,48049.53,4,15,148359.64,28577.0,3.9,9,0,4
ORD10113,2025-08-16 18:06:02.011,HP,Smartphone,Pune,New,B,Email,44565.05,6,30,172575.96,51889.0,3.4,9,1,9
ORD10114,2025-08-18 18:54:18.101,Apple,TV,Pune,Returning,B,Online Ads,50502.9,4,10,167629.37,34080.0,4.6,8,1,4
ORD10115,2025-08-20 19:42:34.190,Dell,Headphones,Delhi,Returning,A,Online Ads,8588.26,4,25,22815.23,27708.0,4.6,13,0,5
ORD10116,2025-08-22 20:30:50.279,HP,Headphones,Mumbai,New,A,Email,6138.3,5,5,26842.75,41680.0,4.7,12,0,5
ORD10117,2025-08-24 21:19:06.369,Sony,Smartphone,Mumbai,New,B,Online Ads,67774.29,2,20,109966.96,13176.0,4.8,7,0,3
ORD10118,2025-08-26 22:07:22.458,Samsung,TV,Pune,Returning,A,Online Ads,49574.9,5,30,164077.57,43930.0,3.6,8,0,5
ORD10119,2025-08-28 22:55:38.547,Apple,Headphones,Bangalore,Returning,A,Online Ads,6001.85,6,5,31166.04,49910.0,3.2,20,0,7
ORD10120,2025-08-30 23:43:54.637,HP,TV,Delhi,Returning,A,Online Ads,58727.4,2,20,86435.78,43713.0,4.7,3,0,2
ORD10121,2025-09-02 00:32:10.726,Sony,Smartphone,Mumbai,Returning,B,Online Ads,64287.6,3,5,173091.49,41179.0,3.2,10,0,3
ORD10122,2025-09-04 01:20:26.816,HP,Laptop,Delhi,Returning,A,Social Media,69227.5,5,20,279033.48,,3.3,9,1,6
ORD10123,2025-09-06 02:08:42.905,Samsung,Tablet,Delhi,Returning,B,Email,24256.66,4,5,89376.08,10427.0,4.8,9,0,5
ORD10124,2025-09-08 02:56:58.994,Sony,Smartphone,Hyderabad,New,B,Email,61054.12,1,5,50355.1,16734.0,4.4,3,0,1
ORD10125,2025-09-10 03:45:15.084,OnePlus,Smartphone,Delhi,New,B,Social Media,48924.26,5,20,186355.77,42049.0,3.8,17,0,6
ORD10126,2025-09-12 04:33:31.173,Apple,Laptop,Pune,New,A,Email,65768.78,3,15,148390.16,39869.0,4.3,5,0,4
ORD10127,2025-09-14 05:21:47.263,Apple,Laptop,Pune,Returning,B,Email,56557.53,2,15,97834.69,41907.0,4.7,4,1,2
ORD10128,2025-09-16 06:10:03.352,OnePlus,Laptop,Delhi,Returning,A,Online Ads,76414.81,4,25,227108.38,16676.0,3.3,14,0,5
ORD10129,2025-09-18 06:58:19.441,OnePlus,Tablet,Mumbai,Returning,B,Online Ads,31408.75,1,10,26744.22,18789.0,3.8,3,0,1
ORD10130,2025-09-20 07:46:35.531,Apple,Tablet,Pune,Returning,B,Online Ads,22605.87,1,15,18481.59,11399.0,,2,1,1
ORD10131,2025-09-22 08:34:51.620,Dell,Headphones,Bangalore,New,A,Online Ads,7388.05,3,5,19636.41,,4.4,8,1,4
ORD10132,2025-09-24 09:23:07.709,Sony,Tablet,Pune,New,B,Social Media,34791.41,6,15,165053.74,51799.0,4.9,19,1,6
ORD10133,2025-09-26 10:11:23.799,OnePlus,Headphones,Pune,New,B,Online Ads,8407.98,1,20,6636.96,27044.0,3.4,3,0,1
ORD10134,2025-09-28 10:59:39.888,Dell,Tablet,Chennai,Returning,A,Social Media,28164.18,1,10,25659.66,19591.0,3.6,3,0,1
ORD10135,2025-09-30 11:47:55.978,Samsung,TV,Chennai,New,A,Email,38065.54,4,25,102303.13,9949.0,5.0,12,0,5
ORD10136,2025-10-02 12:36:12.067,Sony,Laptop,Bangalore,New,A,Online Ads,70822.24,1,25,49319.61,38317.0,4.1,2,0,1
ORD10137,2025-10-04 13:24:28.156,HP,Laptop,Delhi,Returning,A,Online Ads,84947.7,1,5,75794.04,22940.0,3.5,3,0,1
ORD10138,2025-10-06 14:12:44.246,Apple,Laptop,Pune,Returning,B,Social Media,84460.4,4,5,296759.88,18776.0,4.0,10,0,5
ORD10139,2025-10-08 15:01:00.335,HP,Tablet,Mumbai,Returning,B,Online Ads,37454.86,6,15,164699.63,,4.5,14,0,6
ORD10140,2025-10-10 15:49:16.425,Apple,Smartphone,Delhi,Returning,B,Online Ads,50827.25,3,30,103474.08,38803.0,4.1,9,0,5
ORD10141,2025-10-12 16:37:32.514,Apple,Headphones,Mumbai,Returning,A,Online Ads,8038.42,1,15,6109.19,17814.0,3.0,3,1,1
ORD10142,2025-10-14 17:25:48.603,Sony,Smartphone,Delhi,New,B,Social Media,42561.31,5,25,138540.63,45404.0,3.8,9,0,6
ORD10143,2025-10-16 18:14:04.693,OnePlus,Tablet,Bangalore,New,A,Social Media,36913.57,6,20,151559.72,57313.0,3.1,19,0,6
ORD10144,2025-10-18 19:02:20.782,Dell,Tablet,Bangalore,Returning,A,Online Ads,36397.83,4,10,113483.24,7601.0,3.2,13,0,5
ORD10145,2025-10-20 19:50:36.872,Apple,Tablet,Mumbai,Returning,B,Email,30069.53,2,5,47619.65,33865.0,4.4,4,0,2
ORD10146,2025-10-22 20:38:52.961,Apple,Headphones,Bangalore,Returning,A,Online Ads,9458.73,5,5,39817.29,17704.0,3.8,12,0,5
ORD10147,2025-10-24 21:27:09.050,Dell,Laptop,Bangalore,Returning,A,Social Media,55049.95,2,20,80454.82,42492.0,3.9,4,0,3
ORD10148,2025-10-26 22:15:25.140,OnePlus,Laptop,Chennai,Returning,A,Email,55957.67,3,30,109727.73,22973.0,3.1,10,0,4
ORD10149,2025-10-28 23:03:41.229,Dell,Smartphone,Chennai,New,B,Social Media,67217.04,6,5,374886.33,23446.0,3.6,15,0,7
ORD10150,2025-10-30 23:51:57.318,Dell,Headphones,Delhi,New,B,Email,8475.39,3,15,21464.4,29490.0,4.9,9,1,4
ORD10151,2025-11-02 00:40:13.408,Dell,Headphones,Chennai,New,B,Online Ads,7989.36,1,10,7082.07,25812.0,4.9,2,0,1
ORD10152,2025-11-04 01:28:29.497,HP,Tablet,Chennai,New,A,Online Ads,37372.51,1,30,25248.57,31648.0,4.3,3,1,1
ORD10153,2025-11-06 02:16:45.587,Apple,Laptop,Bangalore,Returning,B,Online Ads,77055.16,4,20,222815.22,51558.0,3.2,13,0,5
ORD10154,2025-11-08 03:05:01.676,Apple,TV,Chennai,New,B,Email,62072.67,6,15,273925.74,8573.0,5.0,15,1,6
ORD10155,2025-11-10 03:53:17.765,OnePlus,Smartphone,Pune,Returning,A,Online Ads,43910.38,5,15,181188.69,26285.0,3.6,14,0,5
ORD10156,2025-11-12 04:41:33.855,Samsung,Tablet,Hyderabad,Returning,A,Email,30770.8,6,5,148871.54,45836.0,3.7,17,0,7
ORD10157,2025-11-14 05:29:49.944,Apple,Tablet,Delhi,Returning,A,Online Ads,28545.47,2,25,42863.12,8061.0,4.6,7,0,2
ORD10158,2025-11-16 06:18:06.034,HP,Headphones,Delhi,Returning,B,Online Ads,7178.07,5,10,27213.05,26595.0,3.2,13,0,5
ORD10159,2025-11-18 07:06:22.123,OnePlus,Headphones,Delhi,Returning,B,Email,7441.97,6,5,40008.49,36904.0,3.5,20,1,7
ORD10160,2025-11-20 07:54:38.212,OnePlus,TV,Chennai,New,B,Social Media,56580.84,1,30,33373.44,45594.0,4.1,2,1,2
ORD10161,2025-11-22 08:42:54.302,Samsung,Laptop,Bangalore,Returning,A,Email,71059.85,5,10,272022.79,6156.0,4.1,8,0,6
ORD10162,2025-11-24 09:31:10.391,Sony,Laptop,Hyderabad,Returning,A,Social Media,68665.66,3,20,168069.15,48203.0,,7,1,4
ORD10163,2025-11-26 10:19:26.480,Samsung,TV,Hyderabad,New,B,Email,50100.78,6,25,228267.32,53031.0,4.2,15,0,6
ORD10164,2025-11-28 11:07:42.570,Samsung,Tablet,Delhi,Returning,A,Social Media,28214.85,2,20,42244.08,15083.0,4.6,5,0,3
ORD10165,2025-11-30 11:55:58.659,HP,Laptop,Bangalore,Returning,A,Online Ads,80155.53,2,30,107660.46,45814.0,3.7,5,0,2
ORD10166,2025-12-02 12:44:14.749,Dell,Headphones,Pune,New,A,Online Ads,7509.27,2,30,11028.12,32541.0,3.3,4,1,3
ORD10167,2025-12-04 13:32:30.838,Sony,Smartphone,Hyderabad,New,B,Online Ads,59624.77,3,25,135866.05,47736.0,4.5,7,1,3
ORD10168,2025-12-06 14:20:46.927,Sony,Laptop,Delhi,Returning,B,Email,64935.71,4,15,227665.91,26925.0,3.6,14,1,5
ORD10169,2025-12-08 15:09:03.017,Dell,Smartphone,Chennai,New,A,Email,53927.98,1,20,39710.2,14702.0,3.8,2,0,1
ORD10170,2025-12-10 15:57:19.106,Apple,Headphones,Chennai,New,A,Email,9719.97,4,10,33797.85,18404.0,3.8,14,0,4
ORD10171,2025-12-12 16:45:35.196,Apple,Smartphone,Mumbai,Returning,A,Email,64341.28,4,30,168770.68,33075.0,4.9,10,0,5
ORD10172,2025-12-14 17:33:51.285,HP,Tablet,Mumbai,Returning,B,Social Media,26451.67,4,10,89659.36,41027.0,4.1,13,0,4
ORD10173,2025-12-16 18:22:07.374,Dell,Smartphone,Pune,Returning,B,Email,58713.16,6,30,213877.76,12944.0,4.4,15,1,7
ORD10174,2025-12-18 19:10:23.464,Dell,Tablet,Pune,Returning,A,Online Ads,35947.42,3,25,72238.86,26187.0,4.8,9,1,4
ORD10175,2025-12-20 19:58:39.553,Apple,Smartphone,Mumbai,Returning,A,Email,55255.21,5,30,182754.38,15851.0,3.9,16,0,7
ORD10176,2025-12-22 20:46:55.642,HP,Headphones,Chennai,New,A,Social Media,6578.41,1,25,4668.44,32220.0,5.0,2,1,1
ORD10177,2025-12-24 21:35:11.732,Sony,Smartphone,Hyderabad,Returning,B,Social Media,62133.69,6,20,266976.57,17274.0,4.9,10,0,8
ORD10178,2025-12-26 22:23:27.821,Sony,Laptop,Mumbai,Returning,A,Email,55234.51,5,20,208814.56,38492.0,4.4,17,0,7
ORD10179,2025-12-28 23:11:43.911,Apple,Headphones,Mumbai,New,B,Online Ads,6910.67,6,15,35884.93,12752.0,3.2,21,0,6
ORD10180,2025-12-31 00:00:00.000,Dell,Headphones,Chennai,Returning,B,Online Ads,7305.05,1,30,4908.89,42251.0,3.4,3,1,1
